{"teleporting":true,"7ds":{"UP1":{"y":212.9611053466797,"x":-103.89530944824219,"y6":212.9611053466797,"z":-196.6258544921875,"y3":212.9611053466797,"y2":212.9611053466797,"y5":212.96104431152345,"y4":212.9611053466797},"UP3":{"y":212.9611053466797,"x":-87.70266723632813,"y6":212.96104431152345,"z":-177.67135620117188,"y3":212.96116638183595,"y2":212.96116638183595,"y5":212.9611053466797,"y4":212.96104431152345},"UP2":{"y":212.96104431152345,"x":-103.31411743164063,"y6":212.9611053466797,"z":-194.7663116455078,"y3":212.96104431152345,"y2":212.9611053466797,"y5":212.9611053466797,"y4":212.9611053466797},"UP6":{"y":212.9611053466797,"x":-102.93643951416016,"y6":212.9611053466797,"z":-188.97572326660157,"y3":212.9611053466797,"y2":212.96104431152345,"y5":212.9611053466797,"y4":212.9611053466797},"UP5":{"y":218.5906982421875,"x":-114.23501586914063,"y6":220.1619415283203,"z":-193.94479370117188,"y3":218.59349060058595,"y2":220.1619415283203,"y5":220.16188049316407,"y4":218.5947723388672},"UP4":{"y":212.861083984375,"x":-95.76695251464844,"y6":212.96104431152345,"z":-202.4214630126953,"y3":212.861083984375,"y2":212.861083984375,"y5":212.861083984375,"y4":212.96116638183595}},"AutoFarm":false,"AutoReplay":false,"hidenamep":true,"WorldCategory":"Story Worlds","opm":{"UP1":{"y":361.2119445800781,"x":-345.9148254394531,"y6":361.2119445800781,"z":1378.7523193359376,"y3":361.2119445800781,"y2":361.2119445800781,"y4":361.2119445800781,"y5":361.2119445800781},"UP3":{"y":361.2119445800781,"x":-326.729248046875,"y6":361.2119445800781,"z":1408.0909423828126,"y3":361.2119445800781,"y2":361.2119445800781,"y4":361.2119445800781,"y5":361.2119445800781},"UP2":{"y":365.2615661621094,"x":-335.7978515625,"y6":365.4495544433594,"z":1389.677734375,"y3":385.750732421875,"y2":365.26141357421877,"y4":365.261474609375,"y5":365.26141357421877},"UP6":{"y":361.2119445800781,"x":-341.9178771972656,"y6":361.2119445800781,"z":1382.2518310546876,"y3":361.2119445800781,"y2":361.2119445800781,"y4":361.2119445800781,"y5":361.2119445800781},"UP5":{"y":361.2119445800781,"x":-342.73468017578127,"y6":361.2119445800781,"z":1384.533447265625,"y3":361.2119445800781,"y2":361.2119445800781,"y4":361.2119445800781,"y5":361.2119445800781},"UP4":{"y":361.2119445800781,"x":-330.55596923828127,"y6":363.2249755859375,"z":1408.4232177734376,"y3":361.2119445800781,"y2":361.2119445800781,"y4":361.2119445800781,"y5":361.2119445800781}},"Difficulty":"Normal","SelectedUnits":{"U3":"speedwagon #{23144c76-df32-4ae9-8cb9-20a2eafc5753}","U2":"aizen_hog_evolved #{17923f80-1785-405a-863e-15b75d8ac1e9}","U1":"akeno_evolved #{f65bb5fa-ac29-4815-b5a1-0f7526ba2bc7}","U4":"bulma #{26ae9eef-848f-4ff9-b646-bc018713e77f}","U5":"emilia #{31e175e5-caf5-45bc-a135-48f9d0cc7915}","U6":"killua_godspeed_evolved #{050f2568-962a-49cc-8e0c-73c3f6b9e9a6}"},"AutoAbilities":true,"AutoLoadScript":true,"SelectedWorld":"Hero City","SelectedLevel":"mha_level_1","AutoUpgrade":true,"mha":{"UP1":{"y":-13.250460624694825,"x":-72.25169372558594,"y6":-13.250661849975586,"z":3.3164596557617189,"y3":-13.250060081481934,"y2":-13.250460624694825,"y5":-13.249926567077637,"y4":-13.250795364379883},"UP3":{"y":-13.253466606140137,"x":-84.98255920410156,"y6":-13.253800392150879,"z":-1.7807807922363282,"y3":-13.25306510925293,"y2":-13.253533363342286,"y5":-13.25306510925293,"y4":-13.253800392150879},"UP2":{"y":-13.25019359588623,"x":-71.83027648925781,"y6":-13.250661849975586,"z":-0.6963825225830078,"y3":-13.249859809875489,"y2":-13.250327110290528,"y5":-13.249859809875489,"y4":-13.250595092773438},"UP6":{"y":-13.248791694641114,"x":-66.10380554199219,"y6":-13.249192237854004,"z":3.3785295486450197,"y3":-13.24852466583252,"y2":-13.248791694641114,"y5":-13.248457908630371,"y4":-13.249192237854004},"UP5":{"y":-13.249993324279786,"x":-70.76171112060547,"y6":-13.250327110290528,"z":8.290120124816895,"y3":-13.249592781066895,"y2":-13.249993324279786,"y5":-13.249592781066895,"y4":-13.250327110290528},"UP4":{"y":-13.252464294433594,"x":-80.79496765136719,"y6":-13.252798080444336,"z":-1.4175167083740235,"y3":-13.251996994018555,"y2":-13.252464294433594,"y5":-13.252063751220704,"y4":-13.252798080444336}}}