{"teleporting":true,"AutoFarm":true,"SelectedUnits":{"U3":"metal_knight_evolved #{a15567ed-0189-4114-b297-2d5230d741aa}","U2":"akeno_evolved #{f65bb5fa-ac29-4815-b5a1-0f7526ba2bc7}","U1":"aizen_hog_evolved #{17923f80-1785-405a-863e-15b75d8ac1e9}","U4":"speedwagon #{23144c76-df32-4ae9-8cb9-20a2eafc5753}","U5":"bulma #{c436a288-fef0-4d9f-a834-bee6e826fa20}","U6":"emilia #{31e175e5-caf5-45bc-a135-48f9d0cc7915}"},"placeany":true,"entertain":{"UP1":{"y":495.6004333496094,"x":-104.10557556152344,"y6":495.6004333496094,"z":-86.19340515136719,"y3":495.6004333496094,"y2":495.6004333496094,"y4":495.6004333496094,"y5":495.6004333496094},"UP3":{"y":500.57080078125,"x":-96.828857421875,"y6":500.451904296875,"z":-91.36470794677735,"y3":509.3465881347656,"y2":500.451904296875,"y4":500.57080078125,"y5":509.3465881347656},"UP2":{"y":495.6004333496094,"x":-106.7552261352539,"y6":513.0794677734375,"z":-91.47293090820313,"y3":495.6004333496094,"y2":495.6004333496094,"y4":513.0794677734375,"y5":495.6004333496094},"UP6":{"y":495.6004333496094,"x":-106.3477554321289,"y6":512.8065185546875,"z":-82.94930267333985,"y3":495.6004333496094,"y2":495.6004333496094,"y4":512.8065185546875,"y5":495.6004333496094},"UP5":{"y":495.76129150390627,"x":-113.341796875,"y6":495.76129150390627,"z":-62.33744812011719,"y3":495.76129150390627,"y2":495.76129150390627,"y4":495.76129150390627,"y5":495.76129150390627},"UP4":{"y":495.76129150390627,"x":-114.93315124511719,"y6":495.76129150390627,"z":-66.06792449951172,"y3":495.76129150390627,"y2":495.76129150390627,"y4":495.76129150390627,"y5":495.76129150390627}},"AutoUpgrade":true,"unitconfig":true,"WorldCategory":"Raid Worlds","hidenamep":true,"U6_Wave":6,"U2_Wave":6,"AutoLoadScript":true,"AutoAbilities":true,"U4_UpgWave":6,"U1_Wave":2,"U5_UpgWave":6,"escanorIR":false}