{"autoloadtp":true,"autoupgrade":true,"autofarmic":false,"autofarmtp":false,"autosell":false,"xspawnUnitPos":{"black_clover":{"UP1":{"y":1.2332892417907715,"x":-168.1631622314453,"z":-16.510467529296876},"UP3":{"y":1.2332888841629029,"x":-177.010986328125,"z":-8.177902221679688},"UP2":{"y":1.2332888841629029,"x":-177.07766723632813,"z":-15.574569702148438},"UP6":{"y":1.233289122581482,"x":-170.49185180664063,"z":-19.157012939453126},"UP5":{"y":1.2332890033721924,"x":-173.08160400390626,"z":-11.58660888671875},"UP4":{"y":1.2332887649536133,"x":-179.41287231445313,"z":-9.063766479492188}},"Cursed":{"UP1":{"y":122.78201293945313,"x":361.69732666015627,"z":-89.76468658447266},"UP3":{"y":122.73872375488281,"x":372.2068786621094,"z":-62.877601623535159},"UP2":{"y":122.73872375488281,"x":391.6465759277344,"z":-62.87253189086914},"UP6":{"y":121.5274887084961,"x":399.4963684082031,"z":-60.31044387817383},"UP5":{"y":121.6282958984375,"x":400.8389587402344,"z":-64.46269226074219},"UP4":{"y":122.73872375488281,"x":362.14788818359377,"z":-77.3993148803711}},"Sand":{"UP1":{"y":26.039566040039064,"x":-906.1123657226563,"z":311.1694641113281},"UP3":{"y":25.852432250976564,"x":-887.3646850585938,"z":326.2743225097656},"UP2":{"y":25.852432250976564,"x":-886.7578735351563,"z":339.26519775390627},"UP6":{"y":91.80620574951172,"x":-2952.81689453125,"z":-707.9673461914063},"UP5":{"y":91.80620574951172,"x":-2952.81689453125,"z":-707.9673461914063},"UP4":{"y":26.039566040039064,"x":-887.4508666992188,"z":311.2672424316406}},"Namak":{"UP1":{"y":92.15589141845703,"x":-2948.655029296875,"z":-698.6334228515625},"UP3":{"y":93.32953643798828,"x":-2961.15380859375,"z":-731.3065795898438},"UP2":{"y":92.07723999023438,"x":-2952.740478515625,"z":-707.970458984375},"UP6":{"y":92.16944885253906,"x":-2946.967041015625,"z":-710.122802734375},"UP5":{"y":92.15478515625,"x":-2947.684326171875,"z":-699.6248779296875},"UP4":{"y":92.5256118774414,"x":-2950.408935546875,"z":-709.8072509765625}},"Hollow":{"UP1":{"y":133.48593139648438,"x":-195.47457885742188,"z":-765.364501953125},"UP3":{"y":134.15370178222657,"x":-192.6345672607422,"z":-796.1318359375},"UP2":{"y":134.153564453125,"x":-195.1750946044922,"z":-812.6539306640625},"UP6":{"y":91.80620574951172,"x":-2952.81689453125,"z":-707.9673461914063},"UP5":{"y":91.80620574951172,"x":-2952.81689453125,"z":-707.9673461914063},"UP4":{"y":133.32550048828126,"x":-193.80987548828126,"z":-780.8096923828125}},"Ant":{"UP1":{"y":23.63846778869629,"x":-160.98289489746095,"z":2955.792236328125},"UP3":{"y":23.637359619140626,"x":-188.2714080810547,"z":2963.796142578125},"UP2":{"y":23.637359619140626,"x":-205.69203186035157,"z":2964.095947265625},"UP6":{"y":91.80620574951172,"x":-2952.81689453125,"z":-707.9673461914063},"UP5":{"y":91.80620574951172,"x":-2952.81689453125,"z":-707.9673461914063},"UP4":{"y":23.637359619140626,"x":-174.47573852539063,"z":2956.96337890625}},"Aot":{"UP1":{"y":34.442054748535159,"x":-3013.06103515625,"z":-681.1722412109375},"UP3":{"y":34.442054748535159,"x":-3024.1181640625,"z":-682.2401123046875},"UP2":{"y":34.387603759765628,"x":-3035.071533203125,"z":-683.9107055664063},"UP6":{"y":34.25492477416992,"x":-3019.5390625,"z":-681.8257446289063},"UP5":{"y":34.25492477416992,"x":-3030.930419921875,"z":-683.3449096679688},"UP4":{"y":34.442054748535159,"x":-3013.065185546875,"z":-681.4302368164063}},"Snowy":{"UP1":{"y":34.8720588684082,"x":-2884.6103515625,"z":-139.17750549316407},"UP3":{"y":35.055450439453128,"x":-2871.251708984375,"z":-131.86231994628907},"UP2":{"y":34.86832046508789,"x":-2863.6240234375,"z":-120.90508270263672},"UP6":{"y":34.79566192626953,"x":-2853.62548828125,"z":-123.30137634277344},"UP5":{"y":34.79277038574219,"x":-2853.63232421875,"z":-119.10173034667969},"UP4":{"y":34.86832046508789,"x":-2878.749755859375,"z":-138.48580932617188}},"Ghoul":{"UP1":{"y":59.1651496887207,"x":-2975.21044921875,"z":-40.27096176147461},"UP3":{"y":59.198978424072269,"x":-2954.325927734375,"z":-38.42814636230469},"UP2":{"y":59.16920471191406,"x":-2950.080810546875,"z":-31.475643157958986},"UP6":{"y":91.80620574951172,"x":-2952.81689453125,"z":-707.9673461914063},"UP5":{"y":91.80620574951172,"x":-2952.81689453125,"z":-707.9673461914063},"UP4":{"y":58.94588851928711,"x":-2964.482666015625,"z":-39.597999572753909}},"Magic":{"UP1":{"y":7.411101341247559,"x":-606.7291259765625,"z":-815.5218505859375},"UP3":{"y":7.411093711853027,"x":-589.5305786132813,"z":-814.8512573242188},"UP2":{"y":7.413991928100586,"x":-578.809814453125,"z":-814.5386962890625},"UP6":{"y":10.61729621887207,"x":-584.30224609375,"z":-810.1135864257813},"UP5":{"y":7.413986682891846,"x":-597.8843383789063,"z":-814.5377807617188},"UP4":{"y":7.4139862060546879,"x":-600.348388671875,"z":-814.8621215820313}},"Marine":{"UP1":{"y":25.811565399169923,"x":-2555.87646484375,"z":-37.23297119140625},"UP3":{"y":25.846670150756837,"x":-2532.971435546875,"z":-31.793981552124025},"UP2":{"y":25.99869728088379,"x":-2523.897216796875,"z":-36.326053619384769},"UP6":{"y":91.80620574951172,"x":-2952.81689453125,"z":-707.9673461914063},"UP5":{"y":91.80620574951172,"x":-2952.81689453125,"z":-707.9673461914063},"UP4":{"y":25.814455032348634,"x":-2545.2783203125,"z":-32.41024398803711}},"thriller_park":{"UP1":{"y":113.23728942871094,"x":-224.14295959472657,"z":-657.738037109375},"UP3":{"y":109.37400817871094,"x":-224.78709411621095,"z":-640.7178955078125},"UP2":{"y":109.37401580810547,"x":-229.42715454101563,"z":-649.636474609375},"UP6":{"y":109.37400817871094,"x":-214.7626190185547,"z":-632.3900146484375},"UP5":{"y":109.37401580810547,"x":-230.53053283691407,"z":-657.9769287109375},"UP4":{"y":109.37400817871094,"x":-220.0915985107422,"z":-636.2127075195313}}},"xselectedUnits":[],"autoabilities":true,"world":"Plannet Namak","sellatwave":0,"AutoChallenge":true,"difficulty":"Normal","level":"namek_level_1","autostart":true,"selectedreward":"star_fruit_random","autofarm":true,"AutoChallengeAll":true,"webhook":"","AutoLeave":true}