{"autosell":false,"xspawnUnitPos":{"UP1":{"y":91.80620574951172,"x":-2952.81689453125,"z":-707.9673461914063},"UP3":{"y":91.80620574951172,"x":-2952.81689453125,"z":-707.9673461914063},"UP2":{"y":91.80620574951172,"x":-2952.81689453125,"z":-707.9673461914063},"UP6":{"y":91.80620574951172,"x":-2952.81689453125,"z":-707.9673461914063},"UP5":{"y":91.80620574951172,"x":-2952.81689453125,"z":-707.9673461914063},"UP4":{"y":91.80620574951172,"x":-2952.81689453125,"z":-707.9673461914063}},"webhook":"","sellatwave":0,"xselectedUnits":[],"door":"nil","autoabilities":false,"level":"nil","difficulty":"Normal","autostart":false,"autoupgrade":false,"autofarm":false,"world":"nil"}