{"autoloadtp":true,"xselectedUnits":{"U3":"Speedcart #{23144c76-df32-4ae9-8cb9-20a2eafc5753}","U2":"Goju (Six Eyes) #{460aae4e-732f-4c4c-afa0-41b8668bc069}","U1":"Aizo (Final) #{17923f80-1785-405a-863e-15b75d8ac1e9}","U4":"Bulmy #{26ae9eef-848f-4ff9-b646-bc018713e77f}","U5":"Soi Fan (Hornet) #{033f4a11-96f0-4f28-9003-003434b053c7}","U6":"Kizzua (Godspeed) #{050f2568-962a-49cc-8e0c-73c3f6b9e9a6}"},"AutoReplay":false,"autoupgrade":true,"autofarmic":false,"autofarmtp":false,"autosell":false,"xspawnUnitPos":{"Magic":{"UP1":{"y":7.411101341247559,"x":-606.7291259765625,"z":-815.5218505859375},"UP3":{"y":7.411093711853027,"x":-589.5305786132813,"z":-814.8512573242188},"UP2":{"y":7.413991928100586,"x":-578.809814453125,"z":-814.5386962890625},"UP6":{"y":7.372146129608154,"x":-605.3615112304688,"z":-820.8731079101563},"UP5":{"y":7.413986682891846,"x":-597.8843383789063,"z":-814.5377807617188},"UP4":{"y":7.4139862060546879,"x":-600.348388671875,"z":-814.8621215820313}},"black_clover":{"UP1":{"y":1.4244641065597535,"x":-109.30056762695313,"z":-54.575347900390628},"UP3":{"y":1.4322717189788819,"x":-114.2433853149414,"z":-55.260982513427737},"UP2":{"y":1.7082736492156983,"x":-127.53932189941406,"z":-55.277626037597659},"UP6":{"y":1.4487617015838624,"x":-107.07078552246094,"z":-51.333045959472659},"UP5":{"y":1.8965977430343629,"x":-118.5692138671875,"z":-57.20484161376953},"UP4":{"y":1.4205386638641358,"x":-105.46223449707031,"z":-51.20615005493164}},"Sand":{"UP1":{"y":25.514015197753908,"x":-919.7685546875,"z":290.9293518066406},"UP3":{"y":25.518001556396486,"x":-919.7103881835938,"z":288.1217346191406},"UP2":{"y":26.06340980529785,"x":-920.3797607421875,"z":300.7817077636719},"UP6":{"y":25.528093338012697,"x":-916.4822998046875,"z":287.9609069824219},"UP5":{"y":25.71731185913086,"x":-920.7069091796875,"z":296.8504943847656},"UP4":{"y":25.508501052856447,"x":-919.2952270507813,"z":294.7797546386719}},"Cursed":{"UP1":{"y":122.78201293945313,"x":361.69732666015627,"z":-89.76468658447266},"UP3":{"y":122.73872375488281,"x":372.2068786621094,"z":-62.877601623535159},"UP2":{"y":122.73872375488281,"x":391.6465759277344,"z":-62.87253189086914},"UP6":{"y":121.5274887084961,"x":399.4963684082031,"z":-60.31044387817383},"UP5":{"y":121.6282958984375,"x":400.8389587402344,"z":-64.46269226074219},"UP4":{"y":122.73872375488281,"x":362.14788818359377,"z":-77.3993148803711}},"Ant":{"UP1":{"y":23.502197265625,"x":-180.23072814941407,"z":2961.130126953125},"UP3":{"y":23.855152130126954,"x":-167.0123748779297,"z":2954.2958984375},"UP2":{"y":23.637359619140626,"x":-205.69203186035157,"z":2964.095947265625},"UP6":{"y":23.31997299194336,"x":-163.1376953125,"z":2959.968017578125},"UP5":{"y":23.598222732543947,"x":-170.1063232421875,"z":2955.477294921875},"UP4":{"y":23.855152130126954,"x":-156.4979705810547,"z":2959.6123046875}},"jojo":{"UP1":{"y":15.255210876464844,"x":-111.61297607421875,"z":-513.5579833984375},"UP3":{"y":15.255210876464844,"x":-120.01858520507813,"z":-522.66650390625},"UP2":{"y":15.255210876464844,"x":-124.42668151855469,"z":-530.7169799804688},"UP6":{"y":15.255212783813477,"x":-120.38040161132813,"z":-536.6077270507813},"UP5":{"y":15.255210876464844,"x":-115.62987518310547,"z":-518.679931640625},"UP4":{"y":15.255210876464844,"x":-118.3056411743164,"z":-529.9589233398438}},"Marine":{"UP1":{"y":25.521255493164064,"x":-2566.733642578125,"z":-62.77167892456055},"UP3":{"y":25.5211124420166,"x":-2565.930419921875,"z":-57.89338684082031},"UP2":{"y":25.210872650146486,"x":-2560.966796875,"z":-44.40180969238281},"UP6":{"y":25.676485061645509,"x":-2566.796142578125,"z":-67.01408386230469},"UP5":{"y":25.5211238861084,"x":-2563.39990234375,"z":-63.74509811401367},"UP4":{"y":24.990556716918947,"x":-2570.3349609375,"z":-69.34259033203125}},"thriller_park":{"UP1":{"y":113.23728942871094,"x":-224.14295959472657,"z":-657.738037109375},"UP3":{"y":109.37400817871094,"x":-224.78709411621095,"z":-640.7178955078125},"UP2":{"y":109.37401580810547,"x":-229.42715454101563,"z":-649.636474609375},"UP6":{"y":109.37400817871094,"x":-214.7626190185547,"z":-632.3900146484375},"UP5":{"y":109.37401580810547,"x":-230.53053283691407,"z":-657.9769287109375},"UP4":{"y":109.37400817871094,"x":-220.0915985107422,"z":-636.2127075195313}},"Hollow":{"UP1":{"y":133.10752868652345,"x":-168.9812774658203,"z":-692.3645629882813},"UP3":{"y":133.09632873535157,"x":-167.3197021484375,"z":-695.4755249023438},"UP2":{"y":133.50978088378907,"x":-160.6356964111328,"z":-709.1862182617188},"UP6":{"y":133.08169555664063,"x":-176.02857971191407,"z":-691.7825317382813},"UP5":{"y":133.0151824951172,"x":-161.20188903808595,"z":-702.9484252929688},"UP4":{"y":133.17193603515626,"x":-172.60714721679688,"z":-691.3147583007813}},"Snowy":{"UP1":{"y":34.8720588684082,"x":-2884.6103515625,"z":-139.17750549316407},"UP3":{"y":35.055450439453128,"x":-2871.251708984375,"z":-131.86231994628907},"UP2":{"y":34.86832046508789,"x":-2863.6240234375,"z":-120.90508270263672},"UP6":{"y":34.79566192626953,"x":-2853.62548828125,"z":-123.30137634277344},"UP5":{"y":34.79277038574219,"x":-2853.63232421875,"z":-119.10173034667969},"UP4":{"y":34.86832046508789,"x":-2878.749755859375,"z":-138.48580932617188}},"Ghoul":{"UP1":{"y":59.36590576171875,"x":-3008.964111328125,"z":-56.00475311279297},"UP3":{"y":59.03008270263672,"x":-3008.75732421875,"z":-58.37107849121094},"UP2":{"y":59.382938385009769,"x":-2998.44140625,"z":-42.68498992919922},"UP6":{"y":59.03008270263672,"x":-3009.03125,"z":-67.12299346923828},"UP5":{"y":59.03008270263672,"x":-3007.1025390625,"z":-52.12919998168945},"UP4":{"y":59.03008270263672,"x":-3008.94580078125,"z":-63.67665100097656}},"Aot":{"UP1":{"y":34.25483703613281,"x":-3016.723388671875,"z":-682.4714965820313},"UP3":{"y":34.442054748535159,"x":-3024.1181640625,"z":-682.2401123046875},"UP2":{"y":34.387603759765628,"x":-3035.071533203125,"z":-683.9107055664063},"UP6":{"y":34.25492477416992,"x":-3019.5390625,"z":-681.8257446289063},"UP5":{"y":34.25492477416992,"x":-3030.930419921875,"z":-683.3449096679688},"UP4":{"y":34.442054748535159,"x":-3013.065185546875,"z":-681.4302368164063}},"hollow_leg":{"UP1":{"y":36.04443359375,"x":-168.71795654296876,"z":564.4705810546875},"UP3":{"y":36.04443359375,"x":-161.05670166015626,"z":546.204833984375},"UP2":{"y":36.04443359375,"x":-161.105712890625,"z":558.4195556640625},"UP6":{"y":36.04443359375,"x":-160.92405700683595,"z":565.2430419921875},"UP5":{"y":36.04443359375,"x":-170.02479553222657,"z":528.9660034179688},"UP4":{"y":36.04443359375,"x":-163.51824951171876,"z":534.6953735351563}},"Namak":{"UP1":{"y":92.14557647705078,"x":-2931.182861328125,"z":-698.5640869140625},"UP3":{"y":92.5256118774414,"x":-2950.3916015625,"z":-697.1671142578125},"UP2":{"y":93.32953643798828,"x":-2940.813720703125,"z":-697.09326171875},"UP6":{"y":92.16944885253906,"x":-2946.967041015625,"z":-710.122802734375},"UP5":{"y":92.15478515625,"x":-2947.684326171875,"z":-699.6248779296875},"UP4":{"y":92.5256118774414,"x":-2950.408935546875,"z":-709.8072509765625}}},"autoabilities":true,"world":"Clover Legend - HARD","sellatwave":0,"AutoChallenge":false,"difficulty":"Hard","level":"clover_legend_1","autostart":false,"selectedreward":"star_fruit_random","autofarm":false,"AutoChallengeAll":false,"webhook":"","AutoLeave":true}