{"door":"_lobbytemplategreen2","xselectedUnits":{"U3":"Lao #{21b45399-aaa2-411a-8959-ca8c160b7553}","U2":"Johna #{e1e64561-20e2-4ca8-9102-92695ef3b727}","U1":"Nezuka #{7b7b0886-0f7c-45a1-9515-a1a5a0d03277}","U4":"Sosuke #{a804a7a0-c829-43c2-bf9b-8de6811607ad}"},"sellatwave":5,"autosell":false,"xspawnUnitPos":{"UP1":{"y":94.76884460449219,"x":-2953.554443359375,"z":-720.5576782226563},"UP3":{"y":92.14485168457031,"x":-2953.525390625,"z":-707.181640625},"UP2":{"y":92.5394058227539,"x":-2945.281982421875,"z":-701.0352172851563},"UP6":{"y":91.80620574951172,"x":-2952.81689453125,"z":-707.9673461914063},"UP5":{"y":91.80620574951172,"x":-2952.81689453125,"z":-707.9673461914063},"UP4":{"y":94.86834716796875,"x":-2958.478515625,"z":-695.5131225585938}},"difficulty":"Normal","autoabilities":true,"level":"namek_level_1","webhook":"","autostart":true,"autoupgrade":true,"autofarm":true,"world":"Plannet Namak"}