{"049fa811-4e74-4d0c-84ee-f972c7c009ed":{"Time":1681948075.8445593},"577ca163-fb7f-4d6d-b12f-a57e48c44c48":{"Time":1681948138.2762995},"b02ca33c-44f0-48ce-8f13-795e7cb1c98c":{"Time":1681948122.6650289},"2612a1ff-6847-49b8-a3ef-ca5c5344a90b":{"Time":1681948096.5270527},"8097d425-b782-4ab2-963c-15f975c62e12":{"Time":1681948137.359559}}